sale_date,day_of_week,total
2019-07-11,Thur,23800
2019-07-11,Thur,15800
2019-07-12,Fri,58000
2019-07-13,Sat,14800
2019-07-13,Sat,15600
2019-07-13,Sat,15800
2019-07-13,Sat,15800
2019-07-13,Sat,14000
2019-07-13,Sat,19100
2019-07-13,Sat,22300
2019-07-14,Sun,15300
2019-07-14,Sun,27600
2019-07-14,Sun,26300
2019-07-14,Sun,19800
2019-07-14,Sun,18300
2019-07-14,Sun,15600
2019-07-14,Sun,23600
2019-07-14,Sun,20100
2019-07-14,Sun,25600
2019-07-14,Sun,19800
2019-07-15,Mon,15100
2019-07-15,Mon,15800
2019-07-17,Wed,17800
2019-07-17,Wed,14800
2019-07-17,Wed,23400
2019-07-17,Wed,18100
2019-07-19,Fri,14800
2019-07-19,Fri,15800
2019-07-19,Fri,21800
2019-07-19,Fri,20600
2019-07-19,Fri,14800
2019-07-19,Fri,15100
2019-07-19,Fri,58000
2019-07-19,Fri,35900
2019-07-20,Sat,15800
2019-07-20,Sat,18800
2019-07-20,Sat,22800
2019-07-20,Sat,16400
2019-07-20,Sat,15800
2019-07-20,Sat,26300
2019-07-20,Sat,14800
2019-07-20,Sat,15800
2019-07-20,Sat,20500
2019-07-20,Sat,18600
2019-07-20,Sat,17800
2019-07-21,Sun,18600
2019-07-21,Sun,17300
2019-07-21,Sun,17800
2019-07-21,Sun,14800
2019-07-21,Sun,16100
2019-07-21,Sun,21000
2019-07-21,Sun,19300
2019-07-21,Sun,22300
2019-07-21,Sun,18300
2019-07-21,Sun,15300
2019-07-21,Sun,15100
2019-07-22,Mon,15600
2019-07-22,Mon,19300
2019-07-22,Mon,18300
2019-07-22,Mon,18300
2019-07-22,Mon,16600
2019-07-22,Mon,14800
2019-07-22,Mon,26000
2019-07-22,Mon,19600
2019-07-22,Mon,18600
2019-07-24,Wed,16400
2019-07-24,Wed,27100
2019-07-24,Wed,18800
2019-07-24,Wed,25400
2019-07-24,Wed,26300
2019-07-24,Wed,16100
2019-07-24,Wed,16100
2019-07-24,Wed,16400
2019-07-24,Wed,15000
2019-07-25,Thur,18600
2019-07-25,Thur,26800
2019-07-25,Thur,35000
2019-07-25,Thur,38000
2019-07-25,Thur,23100
2019-07-25,Thur,17300
2019-07-25,Thur,19600
2019-07-25,Thur,15300
2019-07-25,Thur,16100
2019-07-25,Thur,14300
2019-07-25,Thur,15100
2019-07-25,Thur,20000
2019-07-26,Fri,25300
2019-07-26,Fri,73200
2019-07-26,Fri,22800
2019-07-26,Fri,1293000
2019-07-26,Fri,15000
2019-07-26,Fri,20800
2019-07-26,Fri,25900
2019-07-26,Fri,28100
2019-07-26,Fri,15800
2019-07-26,Fri,35000
2019-07-26,Fri,22100
2019-07-26,Fri,16100
2019-07-27,Sat,18800
2019-07-27,Sat,21800
2019-07-27,Sat,18600
2019-07-27,Sat,33200
2019-07-27,Sat,22800
2019-07-27,Sat,17000
2019-07-27,Sat,16400
2019-07-27,Sat,14800
2019-07-27,Sat,32600
2019-07-28,Sun,17300
2019-07-28,Sun,14800
2019-07-28,Sun,14800
2019-07-28,Sun,14300
2019-07-28,Sun,14800
2019-07-28,Sun,25600
2019-07-28,Sun,19500
2019-07-29,Mon,24800
2019-07-29,Mon,24100
2019-07-28,Mon,15800
2019-07-29,Mon,14800
2019-07-29,Mon,14800
2019-07-29,Mon,18300
2019-07-29,Mon,27900
2019-07-29,Mon,15800
2019-07-29,Mon,18100
2019-07-29,Mon,28000
2019-07-29,Mon,28000
2019-07-31,Wed,15600
2019-07-31,Wed,30100
2019-07-31,Wed,23300
2019-07-31,Wed,30200
2019-07-31,Wed,15100
2019-07-31,Wed,27300
2019-07-31,Wed,15300
2019-07-31,Wed,16100
2019-07-31,Wed,15100
2019-07-31,Wed,15800
2019-08-01,Thur,14500
2019-08-01,Thur,13100
2019-08-01,Thur,16100
2019-08-01,Thur,14800
2019-08-01,Thur,21100
2019-08-01,Thur,20600
2019-08-01,Thur,32600
2019-08-01,Thur,14500
2019-08-01,Thur,15100
2019-08-01,Thur,15000
2019-08-01,Thur,14800
2019-08-01,Thur,23000
2019-08-02,Fri,19900
2019-08-02,Fri,14100
2019-08-02,Fri,18000
2019-08-02,Fri,16400
2019-08-02,Fri,17300
2019-08-02,Fri,30800
2019-08-02,Fri,15800
2019-08-02,Fri,19900
2019-08-02,Fri,15800
2019-08-03,Sat,26000
2019-08-03,Sat,26100
2019-08-03,Sat,16000
2019-08-03,Sat,29100
2019-08-03,Sat,16800
2019-08-03,Sat,22800
2019-08-03,Sat,16600
2019-08-03,Sat,18800
2019-08-03,Sat,16400
2019-08-03,Sat,19300
2019-08-03,Sat,16400
2019-08-03,Sat,18300
2019-08-03,Sat,16300
2019-08-03,Sat,15800
2019-08-03,Sat,17900
2019-08-03,Sat,16400
2019-08-04,Sun,34800
2019-08-04,Sun,31600
2019-08-04,Sun,16400
2019-08-04,Sun,19300
2019-08-04,Sun,24300
2019-08-04,Sun,22100
2019-08-04,Sun,14800
2019-08-04,Sun,19500
2019-08-04,Sun,20600
2019-08-04,Sun,17800
2019-08-05,Mon,16300
2019-08-05,Mon,23100
2019-08-05,Mon,31400
2019-08-05,Mon,17000
2019-08-05,Mon,22300
2019-08-05,Mon,26600
2019-08-05,Mon,14800
2019-08-05,Mon,19600
2019-08-05,Mon,49300
2019-08-05,Mon,19800
2019-08-05,Mon,20800
2019-08-05,Mon,16300
2019-08-07,Wed,16300
2019-08-07,Wed,21200
2019-08-07,Wed,15300
2019-08-07,Wed,27300
2019-08-07,Wed,16100
2019-08-07,Wed,17600
2019-08-07,Wed,19500
2019-08-07,Wed,14800
2019-08-07,Wed,15000
2019-08-07,Wed,14100
2019-08-07,Wed,23800
2019-08-08,Thur,16100
2019-08-08,Thur,16400
2019-08-08,Thur,20300
2019-08-08,Thur,16500
2019-08-08,Thur,15100
2019-08-08,Thur,15300
2019-08-08,Thur,16000
2019-08-08,Thur,15800
2019-08-08,Thur,17300
2019-08-08,Thur,33200
2019-08-08,Thur,22300
2019-08-08,Thur,32400
2019-08-08,Thur,16100
2019-08-08,Thur,17000
2019-08-08,Thur,20500
2019-08-09,Fri,17000
2019-08-09,Fri,18600
2019-08-09,Fri,26000
2019-08-09,Fri,35800
2019-08-09,Fri,15100
2019-08-10,Sat,19600
2019-08-10,Sat,15300
2019-08-10,Sat,19100
2019-08-10,Sat,28600
2019-08-10,Sat,17300
2019-08-10,Sat,36800
2019-08-10,Sat,25300
2019-08-10,Sat,46200
2019-08-10,Sat,30200
2019-08-10,Sat,16600
2019-08-10,Sat,21200
2019-08-10,Sat,24400
2019-08-11,Sun,21800
2019-08-11,Sun,16800
2019-08-11,Sun,16000
2019-08-11,Sun,22800
2019-08-11,Sun,17800
2019-08-11,Sun,15800
2019-08-11,Sun,38900
2019-08-11,Sun,19600
2019-08-11,Sun,15300
2019-08-11,Sun,27900
2019-08-11,Sun,15800
2019-08-11,Sun,19300
2019-08-11,Sun,23100
2019-08-11,Sun,17300
2019-08-12,Mon,28400
2019-08-12,Mon,20800
2019-08-12,Mon,16300
2019-08-12,Mon,24300
2019-08-12,Mon,15800
2019-08-12,Mon,14800
2019-08-12,Mon,16300
2019-08-12,Mon,18300
2019-08-12,Mon,19100
2019-08-12,Mon,32100
2019-08-12,Mon,26000
2019-08-14,Wed,41200
2019-08-14,Wed,17800
2019-08-14,Wed,18300
2019-08-14,Wed,17300
2019-08-14,Wed,65600
2019-08-14,Wed,29000
2019-08-14,Wed,27300
2019-08-14,Wed,22300
2019-08-14,Wed,14300
2019-08-14,Wed,16400
2019-08-15,Thur,24100
2019-08-15,Thur,17300
2019-08-15,Thur,16100
2019-08-15,Thur,22100
2019-08-15,Thur,15100
2019-08-15,Thur,58000
2019-08-15,Thur,15000
2019-08-15,Thur,18900
2019-08-15,Thur,16400
2019-08-16,Fri,14800
2019-08-16,Fri,17800
2019-08-16,Fri,15100
2019-08-16,Fri,14100
2019-08-16,Fri,18300
2019-08-16,Fri,15800
2019-08-17,Sat,20100
2019-08-17,Sat,18300
2019-08-17,Sat,24100
2019-08-17,Sat,24300
2019-08-17,Sat,14800
2019-08-17,Sat,18800
2019-08-17,Sat,29600
2019-08-17,Sat,19800
2019-08-17,Sat,20300
2019-08-17,Sat,32600
2019-08-17,Sat,19000
2019-08-18,Sun,17300
2019-08-18,Sun,36900
2019-08-18,Sun,26600
2019-08-18,Sun,22800
2019-08-18,Sun,17800
2019-08-18,Sun,14100
2019-08-18,Sun,20000
2019-08-18,Sun,15000
2019-08-18,Sun,16000
2019-08-18,Sun,23800
2019-08-18,Sun,14300
2019-08-18,Sun,14800
2019-08-18,Sun,36100
2019-08-18,Sun,23000
2019-08-18,Sun,16300
2019-08-19,Mon,22800
2019-08-19,Mon,16800
2019-08-19,Mon,21300
2019-08-19,Mon,19300
2019-08-19,Mon,15800
2019-08-19,Mon,23600
2019-08-19,Mon,19300
2019-08-19,Mon,14800
2019-08-19,Mon,24300
2019-08-19,Mon,23800
2019-08-19,Mon,15300
2019-08-19,Mon,15300
2019-08-19,Mon,21600
2019-08-19,Mon,18800
2019-08-21,Wed,19900
2019-08-21,Wed,18800
2019-08-21,Wed,15300
2019-08-21,Wed,54000
2019-08-21,Wed,18300
2019-08-21,Wed,16100
2019-08-21,Wed,19300
2019-08-21,Wed,17500
2019-08-21,Wed,15800
2019-08-21,Wed,17000
2019-08-21,Wed,15600
2019-08-21,Wed,21100
2019-08-21,Wed,25000
2019-08-21,Wed,23000
2019-08-22,Thur,14800
2019-08-22,Thur,23300
2019-08-22,Thur,15800
2019-08-22,Thur,16400
2019-08-22,Thur,26600
2019-08-22,Thur,23400
2019-08-22,Thur,20600
2019-08-22,Thur,15800
2019-08-22,Thur,26000
2019-08-23,Fri,42200
2019-08-23,Fri,57700
2019-08-23,Fri,14100
2019-08-23,Fri,19800
2019-08-23,Fri,22000
2019-08-24,Sat,16000
2019-08-24,Sat,20100
2019-08-24,Sat,25600
2019-08-24,Sat,23100
2019-08-24,Sat,17300
2019-08-24,Sat,24900
2019-08-24,Sat,17300
2019-08-24,Sat,14300
2019-08-24,Sat,15600
2019-08-24,Sat,20800
2019-08-24,Sat,15800
2019-08-24,Sat,23300
2019-08-24,Sat,14800
2019-08-24,Sat,15300
2019-08-25,Sun,16400
2019-08-25,Sun,15300
2019-08-25,Sun,17300
2019-08-25,Sun,15300
2019-08-25,Sun,15300
2019-08-25,Sun,15800
2019-08-25,Sun,22100
2019-08-25,Sun,14100
2019-08-25,Sun,25300
2019-08-25,Sun,17400
2019-08-25,Sun,15100
2019-08-25,Sun,15600
2019-08-26,Mon,17800
2019-08-26,Mon,19900
2019-08-26,Mon,18000
2019-08-26,Mon,15500
2019-08-26,Mon,14800
2019-08-26,Mon,15300
2019-08-26,Mon,21600
2019-08-26,Mon,14000
2019-08-26,Mon,22800
2019-08-28,Wed,16300
2019-08-28,Wed,34100
2019-08-28,Wed,30400
2019-08-28,Wed,18000
2019-08-28,Wed,18600
2019-08-28,Wed,14800
2019-08-28,Wed,33400
2019-08-28,Wed,19300
2019-08-29,Thur,22300
2019-08-29,Thur,18300
2019-08-29,Thur,16100
2019-08-29,Thur,24000
2019-08-29,Thur,53800
2019-08-29,Thur,30800
2019-08-29,Thur,15500
2019-08-29,Thur,15000
2019-08-29,Thur,19000
2019-08-29,Thur,24300
2019-08-29,Thur,15100
2019-08-30,Fri,16400
2019-08-30,Fri,14800
2019-08-30,Fri,39300
2019-08-30,Fri,20600
2019-08-30,Fri,14300
2019-08-30,Fri,16000
2019-08-30,Fri,21200
2019-08-30,Fri,23100
2019-08-30,Fri,28800
2019-08-30,Fri,28300
2019-08-30,Fri,15500
2019-08-30,Fri,18800
2019-08-31,Sat,18600
2019-08-31,Sat,16300
2019-08-31,Sat,14800
2019-08-31,Sat,16300
2019-08-31,Sat,14800
2019-08-31,Sat,16000
2019-08-31,Sat,16100
2019-08-31,Sat,14100
2019-09-01,Sun,23300
2019-09-01,Sun,14800
2019-09-01,Sun,22100
2019-09-01,Sun,19600
2019-09-01,Sun,16600
2019-09-01,Sun,22900
2019-09-01,Sun,28300
2019-09-01,Sun,14800
2019-09-01,Sun,33100
2019-09-01,Sun,14800
2019-09-01,Sun,15800
2019-09-01,Sun,16100
2019-09-02,Mon,31400
2019-09-02,Mon,20300
2019-09-02,Mon,24300
2019-09-02,Mon,23500
2019-09-02,Mon,18300
2019-09-02,Mon,15000
2019-09-04,Wed,23000
2019-09-04,Wed,14800
2019-09-04,Wed,18600
2019-09-04,Wed,18600
2019-09-04,Wed,17000
2019-09-04,Wed,19300
2019-09-04,Wed,15300
2019-09-04,Wed,27700
2019-09-04,Wed,22800
2019-09-04,Wed,25600
2019-09-04,Wed,14800
2019-09-04,Wed,41100
2019-09-04,Wed,18600
2019-09-05,Thur,27700
2019-09-05,Thur,21800
2019-09-05,Thur,15100
2019-09-05,Thur,19600
2019-09-05,Thur,16400
2019-09-05,Thur,17600
2019-09-05,Thur,15600
2019-09-05,Thur,20900
2019-09-05,Thur,29200
2019-09-05,Thur,18800
2019-09-05,Thur,16100
2019-09-05,Thur,14800
2019-09-05,Thur,14100
2019-09-06,Fri,16300
2019-09-06,Fri,14800
2019-09-06,Fri,15300
2019-09-06,Fri,19800
2019-09-06,Fri,15800
2019-09-06,Fri,39700
2019-09-07,Sat,18600
2019-09-07,Sat,23600
2019-09-07,Sat,19800
2019-09-07,Sat,14100
2019-09-07,Sat,14800
2019-09-07,Sat,18800
2019-09-07,Sat,22500
2019-09-07,Sat,22800
2019-09-07,Sat,15300
2019-09-07,Sat,18600
2019-09-07,Sat,15100
2019-09-07,Sat,26300
2019-09-07,Sat,27500
2019-09-07,Sat,27400
2019-09-08,Sun,25100
2019-09-08,Sun,14800
2019-09-08,Sun,26000
2019-09-08,Sun,16400
2019-09-09,Mon,23100
2019-09-09,Mon,22600
2019-09-09,Mon,14800
2019-09-09,Mon,14800
2019-09-09,Mon,21000
2019-09-09,Mon,18800
2019-09-09,Mon,15100
2019-09-09,Mon,24100
2019-09-09,Mon,21800
2019-09-09,Mon,20400
2019-09-09,Mon,18600
2019-09-11,Wed,42300
2019-09-11,Wed,15600
2019-09-11,Wed,14300
2019-09-11,Wed,24400
2019-09-11,Wed,33400
2019-09-11,Wed,15300
2019-09-11,Wed,16300
2019-09-11,Wed,24600
2019-09-11,Wed,16400
2019-09-11,Wed,15100
2019-09-12,Thur,15000
2019-09-12,Thur,15800
2019-09-12,Thur,19800
2019-09-12,Thur,16400
2019-09-12,Thur,23300
2019-09-12,Thur,14300
2019-09-12,Thur,22100
2019-09-12,Thur,15100
2019-09-12,Thur,15800
2019-09-12,Thur,27600
2019-09-14,Sat,22800
2019-09-14,Sat,19500
2019-09-14,Sat,22300
2019-09-14,Sat,25400
2019-09-14,Sat,15100
2019-09-14,Sat,19300
2019-09-14,Sat,26300
2019-09-15,Sun,32200
2019-09-15,Sun,24600
2019-09-15,Sun,17000
2019-09-15,Sun,16000
2019-09-15,Sun,15800
2019-09-15,Sun,32600
2019-09-15,Sun,16100
2019-09-15,Sun,24400
2019-09-15,Sun,25300
2019-09-15,Sun,16300
2019-09-15,Sun,15100
2019-09-15,Sun,57900
2019-09-18,Wed,19800
2019-09-18,Wed,16500
2019-09-18,Wed,17500
2019-09-18,Wed,15300
2019-09-18,Wed,14300
2019-09-18,Wed,15300
2019-09-18,Wed,17000
2019-09-18,Wed,15500
2019-09-18,Wed,19600
2019-09-19,Thur,20000
2019-09-19,Thur,15300
2019-09-19,Thur,15300
2019-09-19,Thur,20900
2019-09-19,Thur,23300
2019-09-19,Thur,71800
2019-09-19,Thur,15000
2019-09-19,Thur,23100
2019-09-19,Thur,15600
2019-09-19,Thur,30500
2019-09-19,Thur,34600
2019-09-19,Thur,16000
2019-09-20,Fri,39700
2019-09-20,Fri,16400
2019-09-20,Fri,19300
2019-09-20,Fri,21000
2019-09-20,Fri,15100
2019-09-20,Fri,14800
2019-09-20,Fri,40400
2019-09-20,Fri,18300
2019-09-20,Fri,18000
2019-09-21,Sat,17800
2019-09-21,Sat,39300
2019-09-21,Sat,14000
2019-09-21,Sat,23600
2019-09-21,Sat,18300
2019-09-21,Sat,21100
2019-09-21,Sat,17000
2019-09-21,Sat,15800
2019-09-21,Sat,17600
2019-09-21,Sat,16100
2019-09-21,Sat,37900
2019-09-21,Sat,18800
2019-09-21,Sat,25100
2019-09-21,Sat,19300
2019-09-22,Sun,14100
2019-09-22,Sun,30900
2019-09-22,Sun,14500
2019-09-22,Sun,18600
2019-09-22,Sun,14100
2019-09-22,Sun,17000
2019-09-22,Sun,22300
2019-09-22,Sun,34100
2019-09-22,Sun,17800
2019-09-22,Sun,24300
2019-09-22,Sun,15300
2019-09-22,Sun,14800
2019-09-22,Sun,21300
2019-09-22,Sun,15100
2019-09-22,Sun,20000
2019-09-23,Mon,16300
2019-09-23,Mon,15800
2019-09-23,Mon,15000
2019-09-23,Mon,18300
2019-09-23,Mon,24600
2019-09-23,Mon,16400
2019-09-23,Mon,24900
2019-09-23,Mon,20500
2019-09-23,Mon,22300
2019-09-25,Wed,14800
2019-09-25,Wed,21500
2019-09-25,Wed,49700
2019-09-25,Wed,26300
2019-09-25,Wed,17800
2019-09-25,Wed,17300
2019-09-26,Thur,14500
2019-09-26,Thur,24800
2019-09-26,Thur,14800
2019-09-27,Fri,21300
2019-09-27,Fri,15800
2019-09-27,Fri,16400
2019-09-27,Fri,19600
2019-09-27,Fri,16400
2019-09-27,Fri,14800
2019-09-27,Fri,36100
2019-09-28,Sat,28700
2019-09-28,Sat,14300
2019-09-28,Sat,18000
2019-09-28,Sat,21800
2019-09-28,Sat,21800
2019-09-28,Sat,22100
2019-09-28,Sat,41400
2019-09-28,Sat,14800
2019-09-28,Sat,27100
2019-09-28,Sat,25800
2019-09-28,Sat,20100
2019-09-28,Sat,15300
2019-09-28,Sat,15800
2019-09-29,Sun,24400
2019-09-29,Sun,18800
2019-09-29,Sun,14800
2019-09-29,Sun,17000
2019-09-29,Sun,23100
2019-09-29,Sun,17300
2019-09-29,Sun,14800
2019-09-29,Sun,23800
2019-09-29,Sun,15300
2019-09-29,Sun,15300
2019-09-29,Sun,29900
2019-09-29,Sun,19600
2019-09-29,Sun,27800
2019-09-29,Sun,14800
2019-09-30,Mon,18600
2019-09-30,Mon,17300
2019-09-30,Mon,18600
2019-09-30,Mon,27600
2019-09-30,Mon,15500
2019-09-30,Mon,16000
2019-10-02,Wed,19300
2019-10-02,Wed,15500
2019-10-02,Wed,17000
2019-10-02,Wed,16000
2019-10-02,Wed,24500
2019-10-02,Wed,15000
2019-10-03,Thur,17800
2019-10-03,Thur,14300
2019-10-03,Thur,18300
2019-10-03,Thur,16100
2019-10-03,Thur,22300
2019-10-03,Thur,28300
2019-10-03,Thur,15800
2019-10-03,Thur,14300
2019-10-03,Thur,24000
2019-10-03,Thur,18800
2019-10-03,Thur,19600
2019-10-03,Thur,22800
2019-10-03,Thur,14800
2019-10-03,Thur,19300
2019-10-03,Thur,21800
2019-10-03,Thur,15400
2019-10-03,Thur,16000
2019-10-04,Fri,15100
2019-10-04,Fri,32900
2019-10-05,Sat,31800
2019-10-05,Sat,15300
2019-10-05,Sat,15800
2019-10-05,Sat,15500
2019-10-05,Sat,20900
2019-10-06,Sun,15800
2019-10-06,Sun,21300
2019-10-06,Sun,18300
2019-10-06,Sun,15300
2019-10-06,Sun,16300
2019-10-06,Sun,25300
2019-10-06,Sun,19300
2019-10-07,Mon,19800
2019-10-07,Mon,16100
2019-10-07,Mon,17300
2019-10-07,Mon,15100
2019-10-07,Mon,15600
2019-10-07,Mon,17300
2019-10-07,Mon,16100
2019-10-09,Wed,14300
2019-10-09,Wed,16100
2019-10-09,Wed,14800
2019-10-10,Thur,15100
2019-10-10,Thur,18300
2019-10-10,Thur,18600
2019-10-10,Thur,68100
2019-10-10,Thur,16400
2019-10-11,Fri,14800
2019-10-11,Fri,17300
2019-10-11,Fri,14800
2019-10-11,Fri,15100
2019-10-11,Fri,20800
2019-10-11,Fri,15500
2019-10-11,Fri,14800
2019-10-12,Sat,20500
2019-10-12,Sat,15100
2019-10-12,Sat,17300
2019-10-12,Sat,15800
2019-10-12,Sat,19300
2019-10-12,Sat,23800
2019-10-12,Sat,15300
2019-10-12,Sat,26000
2019-10-13,Sun,14500
2019-10-13,Sun,14500
2019-10-13,Sun,22800
2019-10-13,Sun,25800
2019-10-13,Sun,15000
2019-10-13,Sun,18500
2019-10-13,Sun,14800
2019-10-13,Sun,17300
2019-10-13,Sun,41100
2019-10-13,Sun,21500
2019-10-13,Sun,15600
2019-10-13,Sun,22800
2019-10-13,Sun,21300
2019-10-13,Sun,27600
2019-10-14,Mon,26000
2019-10-14,Mon,26900
2019-10-14,Mon,14800
2019-10-14,Mon,14800
2019-10-14,Mon,17300
2019-10-14,Mon,14500
2019-10-14,Mon,18300
2019-10-14,Mon,16400
2019-10-14,Mon,28500
2019-10-16,Wed,22800
2019-10-16,Wed,28900
2019-10-16,Wed,15500
2019-10-16,Wed,22000
2019-10-16,Wed,23300
2019-10-16,Wed,20300
2019-10-16,Wed,15600
2019-10-17,Thur,14800
2019-10-17,Thur,14800
2019-10-17,Thur,15800
2019-10-17,Thur,15300
2019-10-17,Thur,18300
2019-10-17,Thur,24800
2019-10-17,Thur,32300
2019-10-17,Thur,16300
2019-10-17,Thur,18600
2019-10-17,Thur,15800
2019-10-18,Fri,51900
2019-10-18,Fri,17000
2019-10-18,Fri,15300
2019-10-19,Sat,15000
2019-10-19,Sat,29000
2019-10-19,Sat,29100
2019-10-19,Sat,16300
2019-10-19,Sat,18000
2019-10-19,Sat,15800
2019-10-19,Sat,18300
2019-10-19,Sat,14800
2019-10-19,Sat,14800
2019-10-19,Sat,15800
2019-10-19,Sat,15100
2019-10-20,Sun,14800
2019-10-20,Sun,18600
2019-10-20,Sun,19800
2019-10-20,Sun,28100
2019-10-20,Sun,16300
2019-10-20,Sun,17300
2019-10-20,Sun,14300
2019-10-20,Sun,16400
2019-10-20,Sun,35200
2019-10-20,Sun,16100
2019-10-20,Sun,16400
2019-10-21,Mon,18300
2019-10-21,Mon,16300
2019-10-21,Mon,22800
2019-10-21,Mon,20800
2019-10-21,Mon,17300
2019-10-21,Mon,28600
2019-10-21,Mon,47600
2019-10-21,Mon,33700
2019-10-21,Mon,15800
2019-10-21,Mon,14800
2019-10-21,Mon,54700
2019-10-21,Mon,16400
2019-10-23,Wed,15800
2019-10-23,Wed,17300
2019-10-23,Wed,23600
2019-10-23,Wed,14500
2019-10-24,Thur,25300
2019-10-24,Thur,18800
2019-10-24,Thur,21800
2019-10-24,Thur,28300
2019-10-24,Thur,26900
2019-10-24,Thur,17300
2019-10-24,Thur,15100
2019-10-24,Thur,15800
2019-10-24,Thur,21000
2019-10-24,Thur,15300
2019-10-24,Thur,14300
2019-10-25,Fri,18300
2019-10-25,Fri,27300
2019-10-25,Fri,22800
2019-10-25,Fri,14300
2019-10-25,Fri,15000
2019-10-25,Fri,17500
2019-10-25,Fri,18600
2019-10-26,Sat,14800
2019-10-26,Sat,25800
2019-10-26,Sat,14800
2019-10-26,Sat,17300
2019-10-26,Sat,20600
2019-10-26,Sat,20100
2019-10-26,Sat,15100
2019-10-27,Sun,35600
2019-10-27,Sun,16000
2019-10-27,Sun,14800
2019-10-27,Sun,17800
2019-10-27,Sun,19800
2019-10-27,Sun,22300
2019-10-27,Sun,17300
2019-10-27,Sun,18800
2019-10-27,Sun,14800
2019-10-27,Sun,15800
2019-10-27,Sun,18500
2019-10-28,Mon,19800
2019-10-28,Mon,14800
2019-10-28,Mon,15800
2019-10-28,Mon,18300
2019-10-28,Mon,14800
2019-10-28,Mon,23300
2019-10-28,Mon,17300
2019-10-28,Mon,15000
2019-10-28,Mon,26600
2019-10-28,Mon,34600
2019-10-28,Mon,14800
2019-10-31,Thur,55800
2019-10-31,Thur,14800
2019-10-31,Thur,25000
2019-11-01,Fri,14100
2019-11-01,Fri,21800
2019-11-01,Fri,23000
2019-11-01,Fri,19100
2019-11-01,Fri,14800
2019-11-01,Fri,22000
2019-11-02,Sat,30400
2019-11-02,Sat,16800
2019-11-02,Sat,16100
2019-11-02,Sat,14100
2019-11-02,Sat,17500
2019-11-02,Sat,14800
2019-11-02,Sat,22300
2019-11-02,Sat,15000
2019-11-02,Sat,16300
2019-11-02,Sat,14800
2019-11-02,Sat,14800
2019-11-02,Sat,28800
2019-11-02,Sat,14300
2019-11-03,Sun,20800
2019-11-03,Sun,23100
2019-11-03,Sun,19800
2019-11-03,Sun,33700
2019-11-03,Sun,17800
2019-11-03,Sun,16100
2019-11-03,Sun,27900
2019-11-03,Sun,15100
2019-11-03,Sun,14500
2019-11-03,Sun,14800
2019-11-04,Mon,16000
2019-11-04,Mon,15000
2019-11-04,Mon,26600
2019-11-04,Mon,17500
2019-11-04,Mon,17000
2019-11-06,Wed,16000
2019-11-06,Wed,24600
2019-11-06,Wed,18300
2019-11-06,Wed,14800
2019-11-06,Wed,15100
2019-11-06,Wed,24800
2019-11-06,Wed,16000
2019-11-07,Thur,15300
2019-11-07,Thur,14800
2019-11-07,Thur,14800
2019-11-07,Thur,34800
2019-11-07,Thur,27900
2019-11-07,Thur,26800
2019-11-07,Thur,16800
2019-11-07,Thur,16600
2019-11-08,Fri,22800
2019-11-08,Fri,16400
2019-11-08,Fri,19900
2019-11-08,Fri,36000
2019-11-08,Fri,23300
2019-11-08,Fri,15600
2019-11-08,Fri,14800
2019-11-08,Fri,27800
2019-11-08,Fri,30000
2019-11-08,Fri,16400
2019-11-09,Sat,18300
2019-11-09,Sat,20600
2019-11-09,Sat,19300
2019-11-09,Sat,26100
2019-11-09,Sat,21300
2019-11-09,Sat,27300
2019-11-09,Sat,35700
2019-11-09,Sat,18800
2019-11-09,Sat,14800
2019-11-09,Sat,15800
2019-11-09,Sat,15800
2019-11-09,Sat,14800
2019-11-09,Sat,14800
2019-11-09,Sat,15800
2019-11-10,Sun,18000
2019-11-10,Sun,14800
2019-11-10,Sun,21100
2019-11-10,Sun,32800
2019-11-10,Sun,17000
2019-11-10,Sun,19600
2019-11-10,Sun,15800
2019-11-10,Sun,16100
2019-11-10,Sun,29100
2019-11-10,Sun,19300
2019-11-10,Sun,14800
2019-11-10,Sun,23800
2019-11-10,Sun,19800
2019-11-10,Sun,24600
2019-11-10,Sun,15400
2019-11-10,Sun,18600
2019-11-10,Sun,20900
2019-11-10,Sun,15800
2019-11-11,Mon,26600
2019-11-11,Mon,18600
2019-11-11,Mon,15300
2019-11-11,Mon,19300
2019-11-11,Mon,20300
2019-11-11,Mon,28300
2019-11-13,Wed,22300
2019-11-13,Wed,30100
2019-11-13,Wed,15800
2019-11-13,Wed,15800
2019-11-13,Wed,15300
2019-11-13,Wed,14800
2019-11-13,Wed,15800
2019-11-13,Wed,15100
2019-11-14,Thur,16400
2019-11-14,Thur,16300
2019-11-14,Thur,39300
2019-11-15,Fri,18500
2019-11-15,Fri,14800
2019-11-15,Fri,16100
2019-11-15,Fri,18500
2019-11-15,Fri,17300
2019-11-15,Fri,14800
2019-11-15,Fri,70700
2019-11-16,Sat,23800
2019-11-16,Sat,15100
2019-11-16,Sat,18500
2019-11-16,Sat,21100
2019-11-16,Sat,16600
2019-11-16,Sat,24800
2019-11-16,Sat,19100
2019-11-16,Sat,14300
2019-11-17,Sun,26300
2019-11-17,Sun,23800
2019-11-17,Sun,22300
2019-11-17,Sun,14800
2019-11-17,Sun,15800
2019-11-17,Sun,16500
2019-11-17,Sun,17500
2019-11-17,Sun,16300
2019-11-17,Sun,19600
2019-11-17,Sun,23300
2019-11-17,Sun,18100
2019-11-17,Sun,14000
2019-11-17,Sun,23500
2019-11-17,Sun,17300
2019-11-17,Sun,20600
2019-11-17,Sun,14800
2019-11-17,Sun,14500
2019-11-18,Mon,18000
2019-11-18,Mon,15100
2019-11-18,Mon,14000
2019-11-18,Mon,28800
2019-11-18,Mon,22800
2019-11-20,Wed,28100
2019-11-20,Wed,17300
2019-11-20,Wed,20300
2019-11-20,Wed,23800
2019-11-20,Wed,15000
2019-11-20,Wed,16300
2019-11-20,Wed,15500
2019-11-21,Thur,26000
2019-11-21,Thur,19600
2019-11-21,Thur,16000
2019-11-22,Fri,21000
2019-11-22,Fri,16300
2019-11-22,Fri,12800
2019-11-22,Fri,16600
2019-11-23,Sat,19300
2019-11-23,Sat,36100
2019-11-23,Sat,17800
2019-11-23,Sat,18800
2019-11-23,Sat,14300
2019-11-23,Sat,14800
2019-11-23,Sat,22300
2019-11-23,Sat,19500
2019-11-23,Sat,15300
2019-11-24,Sun,19800
2019-11-24,Sun,20800
2019-11-24,Sun,18300
2019-11-24,Sun,33700
2019-11-24,Sun,14500
2019-11-24,Sun,17300
2019-11-24,Sun,14800
2019-11-24,Sun,39000
2019-11-24,Sun,18800
2019-11-24,Sun,20300
2019-11-24,Sun,19300
2019-11-24,Sun,14100
2019-11-24,Sun,18800
2019-11-24,Sun,19500
2019-11-25,Mon,19800
2019-11-25,Mon,18800
2019-11-25,Mon,54100
2019-11-25,Mon,18000
2019-11-25,Mon,26300
2019-11-25,Mon,15800
2019-11-25,Mon,14800
2019-11-27,Wed,33400
2019-11-27,Wed,15300
2019-11-27,Wed,15800
2019-11-27,Wed,14800
2019-11-27,Wed,17300
2019-11-27,Wed,14100
2019-11-27,Wed,16500
2019-11-28,Thur,38600
2019-11-28,Thur,15300
2019-11-28,Thur,25300
2019-11-28,Thur,17500
2019-11-28,Thur,18300
2019-11-28,Thur,15100
2019-11-28,Thur,40000
2019-11-28,Thur,19300
2019-11-29,Fri,15800
2019-11-29,Fri,16300
2019-11-29,Fri,15800
2019-11-29,Fri,19300
2019-11-29,Fri,25000
2019-11-29,Fri,17300
2019-11-29,Fri,15300
2019-11-29,Fri,14300
2019-11-29,Fri,15000
2019-11-29,Fri,14800
2019-11-29,Fri,28100
2019-11-30,Sat,22100
2019-11-30,Sat,20400
2019-11-30,Sat,22800
2019-11-30,Sat,15800
2019-11-30,Sat,31400
2019-11-30,Sat,38200
2019-11-30,Sat,25100
2019-11-30,Sat,20300
2019-11-30,Sat,15800
2019-11-30,Sat,27600
2019-12-01,Sun,22100
2019-12-01,Sun,14800
2019-12-01,Sun,15300
2019-12-01,Sun,15300
2019-12-01,Sun,15300
2019-12-01,Sun,23100
2019-12-01,Sun,23100
2019-12-01,Sun,23000
2019-12-01,Sun,19000
2019-12-01,Sun,15800
2019-12-01,Sun,20300
2019-12-01,Sun,31100
2019-12-01,Sun,20800
2019-12-01,Sun,18600
2019-12-01,Sun,18300
2019-12-02,Mon,17500
2019-12-02,Mon,16100
2019-12-02,Mon,20600
2019-12-02,Mon,14800
2019-12-02,Mon,22800
2019-12-02,Mon,14300
2019-12-04,Wed,20300
2019-12-04,Wed,23300
2019-12-04,Wed,16600
2019-12-04,Wed,35000
2019-12-04,Wed,17500
2019-12-04,Wed,14800
2019-12-04,Wed,19600
2019-12-04,Wed,16100
2019-12-04,Wed,16000
2019-12-04,Wed,15300
2019-12-04,Wed,20500
2019-12-05,Thur,57700
2019-12-05,Thur,15300
2019-12-05,Thur,16000
2019-12-05,Thur,21800
2019-12-05,Thur,25000
2019-12-05,Thur,14800
2019-12-05,Thur,36000
2019-12-05,Thur,15800
2019-12-06,Fri,22100
2019-12-06,Fri,14800
2019-12-06,Fri,20500
2019-12-06,Fri,13800
2019-12-06,Fri,14800
2019-12-06,Fri,20100
2019-12-06,Fri,15000
2019-12-06,Fri,16300
2019-12-06,Fri,27500
2019-12-06,Fri,16300
2019-12-06,Fri,13800
2019-12-07,Sat,17500
2019-12-07,Sat,14800
2019-12-07,Sat,16100
2019-12-07,Sat,14800
2019-12-07,Sat,30800
2019-12-07,Sat,14500
2019-12-07,Sat,28600
2019-12-07,Sat,13600
2019-12-07,Sat,19900
2019-12-07,Sat,15100
2019-12-08,Sun,17300
2019-12-08,Sun,27600
2019-12-08,Sun,20500
2019-12-08,Sun,18000
2019-12-08,Sun,15300
2019-12-08,Sun,15300
2019-12-08,Sun,23000
2019-12-08,Sun,22600
2019-12-08,Sun,30600
2019-12-08,Sun,20300
2019-12-08,Sun,25400
2019-12-08,Sun,15800
2019-12-08,Sun,15800
2019-12-08,Sun,28100
2019-12-08,Sun,17000
2019-12-08,Sun,18300
2019-12-08,Sun,16100
2019-12-08,Sun,19800
2019-12-08,Sun,25100
2019-12-08,Sun,17100
2019-12-09,Mon,14800
2019-12-09,Mon,33100
2019-12-09,Mon,15300
2019-12-09,Mon,29800
2019-12-09,Mon,15800
2019-12-09,Mon,16600
2019-12-09,Mon,17100
2019-12-11,Wed,15300
2019-12-11,Wed,15000
2019-12-11,Wed,22000
2019-12-11,Wed,18800
2019-12-11,Wed,14000
2019-12-11,Wed,21500
2019-12-11,Wed,21500
2019-12-11,Wed,17300
2019-12-11,Wed,32000
2019-12-11,Wed,14500
2019-12-11,Wed,14300
2019-12-12,Thur,29200
2019-12-12,Thur,14800
2019-12-12,Thur,22300
2019-12-12,Thur,20600
2019-12-12,Thur,23300
2019-12-12,Thur,17400
2019-12-12,Thur,16300
2019-12-12,Thur,16300
2019-12-12,Thur,19500
2019-12-12,Thur,21800
2019-12-13,Fri,21100
2019-12-13,Fri,16400
2019-12-13,Fri,22800
2019-12-13,Fri,14800
2019-12-13,Fri,16800
2019-12-13,Fri,14000
2019-12-14,Sat,40500
2019-12-14,Sat,17300
2019-12-14,Sat,23800
2019-12-14,Sat,18300
2019-12-14,Sat,19300
2019-12-14,Sat,15800
2019-12-14,Sat,16800
2019-12-15,Sun,19300
2019-12-15,Sun,26000
2019-12-15,Sun,15000
2019-12-15,Sun,14000
2019-12-15,Sun,45400
2019-12-15,Sun,21800
2019-12-15,Sun,15300
2019-12-15,Sun,17100
2019-12-16,Mon,15300
2019-12-16,Mon,18900
2019-12-16,Mon,14100
2019-12-16,Mon,14800
2019-12-16,Mon,16800
2019-12-16,Mon,14500
2019-12-16,Mon,20300
2019-12-16,Mon,23600
2019-12-16,Mon,19500
2019-12-18,Wed,52800
2019-12-18,Wed,14000
2019-12-18,Wed,19600
2019-12-18,Wed,14100
2019-12-18,Wed,19600
2019-12-18,Wed,15500
2019-12-18,Wed,19100
2019-12-18,Wed,51200
2019-12-19,Thur,24800
2019-12-19,Thur,35300
2019-12-19,Thur,14300
2019-12-19,Thur,15800
2019-12-19,Thur,15600
2019-12-19,Thur,16400
2019-12-19,Thur,32500
2019-12-19,Thur,14300
2019-12-19,Thur,16600
2019-12-20,Fri,16800
2019-12-20,Fri,16300
2019-12-20,Fri,21600
2019-12-20,Fri,19300
2019-12-20,Fri,16800
2019-12-20,Fri,31100
2019-12-21,Sat,15100
2019-12-21,Sat,14800
2019-12-21,Sat,19800
2019-12-21,Sat,15300
2019-12-21,Sat,25300
2019-12-21,Sat,18500
2019-12-21,Sat,20000
2019-12-21,Sat,15800
2019-12-21,Sat,18500
2019-12-21,Sat,30900
2019-12-22,Sun,14800
2019-12-22,Sun,46000
2019-12-22,Sun,19300
2019-12-22,Sun,19300
2019-12-22,Sun,15300
2019-12-22,Sun,16000
2019-12-22,Sun,20300
2019-12-22,Sun,19300
2019-12-22,Sun,19000
2019-12-22,Sun,15000
2019-12-22,Sun,19600
2019-12-23,Mon,26100
2019-12-23,Mon,23800
2019-12-23,Mon,25600
2019-12-23,Mon,27300
2019-12-23,Mon,30300
2019-12-23,Mon,19500
2019-12-23,Mon,14000
2019-12-24,Tues,15300
2019-12-24,Tues,21400
2019-12-24,Tues,19300
2019-12-25,Wed,24100
2019-12-25,Wed,15300
2019-12-25,Wed,14800
2019-12-25,Wed,20000
2019-12-25,Wed,18300
2019-12-25,Wed,17000
2019-12-26,Thur,20500
2019-12-26,Thur,26600
2019-12-26,Thur,14500
2019-12-26,Thur,15600
2019-12-26,Thur,15300
2019-12-27,Fri,16300
2019-12-27,Fri,15800
2019-12-27,Fri,15000
2019-12-28,Sat,16100
2019-12-28,Sat,14800
2019-12-28,Sat,17000
2019-12-28,Sat,22300
2019-12-28,Sat,20900
2019-12-28,Sat,35600
2019-12-28,Sat,18800
2019-12-28,Sat,21500
2019-12-28,Sat,18800
2019-12-28,Sat,22000
2019-12-28,Sat,17000
2019-12-28,Sat,21500
2019-12-28,Sat,24300
2019-12-28,Sat,19300
2019-12-28,Sat,58900
2019-12-28,Sat,21100
2019-12-29,Sun,14000
2019-12-29,Sun,15300
2019-12-29,Sun,15300
2019-12-29,Sun,23900
2019-12-29,Sun,14800
2019-12-29,Sun,23800
2019-12-29,Sun,19800
2019-12-29,Sun,14800
2019-12-29,Sun,15800
2019-12-29,Sun,14800
2019-12-29,Sun,15000
2019-12-29,Sun,14000
2019-12-29,Sun,22800
2019-12-29,Sun,25500
2019-12-30,Mon,19800
2019-12-30,Mon,15300
2019-12-30,Mon,91300
2019-12-30,Mon,53900
2019-12-30,Mon,16100
2019-12-30,Mon,26100
2019-12-30,Mon,15800
2020-01-02,Thur,15000
2020-01-02,Thur,20300
2020-01-02,Thur,42900
2020-01-02,Thur,16500
2020-01-02,Thur,14300
2020-01-02,Thur,14800
2020-01-02,Thur,29300
2020-01-02,Thur,17600
2020-01-02,Thur,16500
2020-01-02,Thur,46900
2020-01-03,Fri,21600
2020-01-03,Fri,15500
2020-01-03,Fri,20300
2020-01-03,Fri,16300
2020-01-03,Fri,17300
2020-01-03,Fri,17000
2020-01-03,Fri,43100
2020-01-03,Fri,18000
2020-01-03,Fri,16100
2020-01-03,Fri,17300
2020-01-03,Fri,15100
2020-01-03,Fri,20600
2020-01-04,Sat,23800
2020-01-04,Sat,14800
2020-01-04,Sat,24800
2020-01-04,Sat,15300
2020-01-04,Sat,17400
2020-01-04,Sat,15100
2020-01-04,Sat,16500
2020-01-05,Sun,16800
2020-01-05,Sun,18600
2020-01-05,Sun,26700
2020-01-05,Sun,14300
2020-01-05,Sun,18000
2020-01-05,Sun,16400
2020-01-05,Sun,14300
2020-01-05,Sun,20300
2020-01-05,Sun,14500
2020-01-05,Sun,23800
2020-01-05,Sun,18300
2020-01-05,Sun,14300
2020-01-05,Sun,24400
2020-01-05,Sun,15300
2020-01-05,Sun,19600
2020-01-06,Mon,14800
2020-01-06,Mon,30800
2020-01-06,Mon,18300
2020-01-06,Mon,17300
2020-01-06,Mon,14300
2020-01-06,Mon,14000
2020-01-08,Wed,18100
2020-01-08,Wed,26000
2020-01-08,Wed,22600
2020-01-08,Wed,30300
2020-01-08,Wed,21200
2020-01-08,Wed,41400
2020-01-08,Wed,18300
2020-01-08,Wed,27200
2020-01-08,Wed,19800
2020-01-08,Wed,26900
2020-01-09,Thur,35700
2020-01-09,Thur,28300
2020-01-09,Thur,17000
2020-01-09,Thur,28800
2020-01-09,Thur,18300
2020-01-09,Thur,21900
2020-01-09,Thur,19800
2020-01-09,Thur,23300
2020-01-09,Thur,19600
2020-01-09,Thur,17600
2020-01-09,Thur,14800
2020-01-09,Thur,14800
2020-01-10,Fri,16300
2020-01-10,Fri,21800
2020-01-10,Fri,19600
2020-01-10,Fri,20100
2020-01-10,Fri,15800
2020-01-10,Fri,14300
2020-01-10,Fri,19300
2020-01-10,Fri,19300
2020-01-11,Sat,29000
2020-01-11,Sat,20600
2020-01-11,Sat,15100
2020-01-11,Sat,19600
2020-01-11,Sat,14800
2020-01-11,Sat,18300
2020-01-11,Sat,15800
2020-01-11,Sat,15800
2020-01-12,Sun,17300
2020-01-12,Sun,21800
2020-01-12,Sun,44100
2020-01-12,Sun,45400
2020-01-12,Sun,16000
2020-01-12,Sun,18000
2020-01-12,Sun,18300
2020-01-12,Sun,14800
2020-01-12,Sun,24400
2020-01-12,Sun,14500
2020-01-12,Sun,14500
2020-01-12,Sun,19600
2020-01-12,Sun,17000
2020-01-12,Sun,21300
2020-01-13,Mon,20300
2020-01-13,Mon,15300
2020-01-13,Mon,19000
2020-01-13,Mon,19300
2020-01-13,Mon,15100
2020-01-13,Mon,20500
2020-01-13,Mon,14800
2020-01-13,Mon,14500
2020-01-15,Wed,20300
2020-01-15,Wed,17300
2020-01-15,Wed,15500
2020-01-15,Wed,116500
2020-01-15,Wed,16000
2020-01-15,Wed,18300
2020-01-15,Wed,15000
2020-01-15,Wed,26300
2020-01-15,Wed,18800
2020-01-16,Thur,18800
2020-01-16,Thur,14800
2020-01-17,Fri,14800
2020-01-17,Fri,26600
2020-01-17,Fri,16300
2020-01-17,Fri,16300
2020-01-17,Fri,17800
2020-01-17,Fri,15300
2020-01-18,Sat,18300
2020-01-18,Sat,25800
2020-01-18,Sat,15000
2020-01-18,Sat,34700
2020-01-18,Sat,16500
2020-01-18,Sat,14300
2020-01-18,Sat,23600
2020-01-18,Sat,14500
2020-01-19,Sun,19300
2020-01-19,Sun,14800
2020-01-19,Sun,31100
2020-01-19,Sun,20600
2020-01-19,Sun,37000
2020-01-19,Sun,14500
2020-01-19,Sun,16300
2020-01-19,Sun,32100
2020-01-19,Sun,24300
2020-01-19,Sun,21100
2020-01-19,Sun,23900
2020-01-19,Sun,15100
2020-01-19,Sun,19100
2020-01-19,Sun,27400
2020-01-19,Sun,19800
2020-01-19,Sun,17800
2020-01-20,Mon,23800
2020-01-20,Mon,15000
2020-01-20,Mon,14800
2020-01-20,Mon,19500
2020-01-20,Mon,19300
2020-01-22,Wed,16100
2020-01-22,Wed,18100
2020-01-22,Wed,20300
2020-01-22,Wed,18300
2020-01-22,Wed,18500
2020-01-22,Wed,14500
2020-01-22,Wed,14800
2020-01-22,Wed,15600
2020-01-23,Thur,77100
2020-01-23,Thur,58700
2020-01-23,Thur,14100
2020-01-23,Thur,18800
2020-01-23,Thur,17800
2020-01-23,Thur,18600
2020-01-23,Thur,15000
2020-01-23,Thur,26000
2020-01-23,Thur,27500
2020-01-23,Thur,14800
2020-01-24,Fri,23800
2020-01-24,Fri,14800
2020-01-24,Fri,15300
2020-01-26,Sun,14800
2020-01-26,Sun,15000
2020-01-26,Sun,14800
2020-01-26,Sun,28100
2020-01-26,Sun,34900
2020-01-26,Sun,18000
2020-01-26,Sun,16800
2020-01-27,Mon,21600
2020-01-27,Mon,27600
2020-01-27,Mon,21800
2020-01-27,Mon,20300
2020-01-27,Mon,26000
2020-01-27,Mon,20100
2020-01-27,Mon,20600
2020-01-29,Wed,15300
2020-01-29,Wed,17500
2020-01-29,Wed,14800
2020-01-29,Wed,15100
2020-01-29,Wed,15800
2020-01-29,Wed,25900
2020-01-30,Thur,23300
2020-01-30,Thur,28800
2020-01-30,Thur,42900
2020-01-30,Thur,34300
2020-01-30,Thur,26600
2020-01-30,Thur,29600
2020-01-30,Thur,23300
2020-01-30,Thur,16000
2020-01-30,Thur,21100
2020-01-31,Fri,16800
2020-01-31,Fri,15300
2020-01-31,Fri,19800
2020-01-31,Fri,22500
2020-01-31,Fri,14800
2020-01-31,Fri,29900
2020-01-31,Fri,20300
2020-01-31,Fri,15000
2020-01-31,Fri,15000
2020-01-31,Fri,16800
2020-01-31,Fri,15000
2020-02-01,Sat,15100
2020-02-01,Sat,17300
2020-02-01,Sat,15300
2020-02-01,Sat,19300
2020-02-01,Sat,23600
2020-02-01,Sat,15800
2020-02-01,Sat,15300
2020-02-01,Sat,32400
2020-02-01,Sat,19600
2020-02-02,Sun,15000
2020-02-02,Sun,19300
2020-02-02,Sun,22300
2020-02-02,Sun,15800
2020-02-02,Sun,30800
2020-02-02,Sun,21400
2020-02-02,Sun,16800
2020-02-02,Sun,16000
2020-02-02,Sun,18300
2020-02-02,Sun,15300
2020-02-02,Sun,17300
2020-02-02,Sun,17800
2020-02-02,Sun,14500
2020-02-02,Sun,19300
2020-02-02,Sun,15100
2020-02-02,Sun,16100
2020-02-02,Sun,15800
2020-02-02,Sun,16100
2020-02-02,Sun,19600
2020-02-03,Mon,45500
2020-02-03,Mon,16100
2020-02-03,Mon,16300
2020-02-03,Mon,15800
2020-02-05,Wed,20600
2020-02-05,Wed,19800
2020-02-05,Wed,34100
2020-02-05,Wed,21500
2020-02-05,Wed,27600
2020-02-05,Wed,21600
2020-02-05,Wed,16300
2020-02-05,Wed,17500
2020-02-05,Wed,21300
2020-02-05,Wed,14300
2020-02-05,Wed,50000
2020-02-05,Wed,17300
2020-02-06,Thur,14500
2020-02-06,Thur,15800
2020-02-06,Thur,15100
2020-02-06,Thur,20900
2020-02-06,Thur,18600
2020-02-06,Thur,15600
2020-02-06,Thur,15000
2020-02-06,Thur,14800
2020-02-06,Thur,21300
2020-02-06,Thur,18800
2020-02-06,Thur,20300
2020-02-06,Thur,15300
2020-02-07,Fri,16300
2020-02-07,Fri,17800
2020-02-07,Fri,33300
2020-02-07,Fri,29300
2020-02-07,Fri,15800
2020-02-07,Fri,17900
2020-02-07,Fri,18300
2020-02-07,Fri,14800
2020-02-07,Fri,19300
2020-02-07,Fri,21800
2020-02-07,Fri,26300
2020-02-07,Fri,20000
2020-02-07,Fri,21800
2020-02-07,Fri,16100
2020-02-08,Sat,23600
2020-02-08,Sat,14800
2020-02-08,Sat,22800
2020-02-08,Sat,21200
2020-02-08,Sat,14800
2020-02-08,Sat,24300
2020-02-08,Sat,25600
2020-02-08,Sat,16500
2020-02-08,Sat,25800
2020-02-08,Sat,19800
2020-02-08,Sat,22800
2020-02-08,Sat,20800
2020-02-09,Sun,19300
2020-02-09,Sun,30000
2020-02-09,Sun,18300
2020-02-09,Sun,34300
2020-02-09,Sun,20800
2020-02-09,Sun,21200
2020-02-09,Sun,17300
2020-02-09,Sun,19800
2020-02-09,Sun,15800
2020-02-09,Sun,22300
2020-02-09,Sun,16300
2020-02-09,Sun,18300
2020-02-09,Sun,14000
2020-02-09,Sun,18500
2020-02-09,Sun,24400
2020-02-09,Sun,16300
2020-02-09,Sun,14800
2020-02-10,Mon,15300
2020-02-10,Mon,19300
2020-02-10,Mon,15000
2020-02-10,Mon,16000
2020-02-12,Wed,16800
2020-02-12,Wed,15000
2020-02-12,Wed,37600
2020-02-12,Wed,16300
2020-02-12,Wed,21200
2020-02-12,Wed,19600
2020-02-12,Wed,19300
2020-02-12,Wed,53600
2020-02-12,Wed,31600
2020-02-12,Wed,55200
2020-02-12,Wed,24500
2020-02-12,Wed,22500
2020-02-12,Wed,21300
2020-02-13,Thur,15500
2020-02-13,Thur,14300
2020-02-13,Thur,14800
2020-02-13,Thur,18300
2020-02-13,Thur,16100
2020-02-13,Thur,31300
2020-02-14,Fri,27300
2020-02-14,Fri,23300
2020-02-14,Fri,16300
2020-02-14,Fri,20300
2020-02-14,Fri,57500
2020-02-14,Fri,16100
2020-02-14,Fri,67000
2020-02-14,Fri,15100
2020-02-15,Sat,25000
2020-02-15,Sat,17000
2020-02-15,Sat,19000
2020-02-15,Sat,16500
2020-02-15,Sat,15500
2020-02-15,Sat,17500
2020-02-15,Sat,20500
2020-02-15,Sat,19300
2020-02-15,Sat,17300
2020-02-15,Sat,32100
2020-02-15,Sat,16100
2020-02-15,Sat,19600
2020-02-16,Sun,27100
2020-02-16,Sun,17000
2020-02-16,Sun,19800
2020-02-16,Sun,26600
2020-02-16,Sun,14300
2020-02-16,Sun,22100
2020-02-16,Sun,41800
2020-02-16,Sun,14800
2020-02-16,Sun,18300
2020-02-16,Sun,15000
2020-02-16,Sun,25300
2020-02-16,Sun,15600
2020-02-16,Sun,16100
2020-02-16,Sun,16400
2020-02-17,Mon,15500
2020-02-17,Mon,15800
2020-02-17,Mon,20100
2020-02-17,Mon,20300
2020-02-17,Mon,23300
2020-02-17,Mon,16800
2020-02-17,Mon,20300
2020-02-17,Mon,36600
2020-02-17,Mon,14500
2020-02-19,Wed,14500
2020-02-19,Wed,14500
2020-02-19,Wed,19600
2020-02-19,Wed,18600
2020-02-19,Wed,16000
2020-02-19,Wed,24600
2020-02-19,Wed,17500
2020-02-19,Wed,17100
2020-02-19,Wed,15800
2020-02-19,Wed,30800
2020-02-19,Wed,23000
2020-02-20,Thur,23100
2020-02-20,Thur,20000
2020-02-20,Thur,23800
2020-02-20,Thur,26800
2020-02-20,Thur,14800
2020-02-20,Thur,27600
2020-02-20,Thur,14800
2020-02-20,Thur,15600
2020-02-20,Thur,15800
2020-02-20,Thur,42200
2020-02-20,Thur,25400
2020-02-21,Fri,15300
2020-02-21,Fri,18000
2020-02-21,Fri,19800
2020-02-21,Fri,20000
2020-02-21,Fri,14800
2020-02-21,Fri,18500
2020-02-21,Fri,33500
2020-02-21,Fri,15800
2020-02-22,Sat,14300
2020-02-22,Sat,28300
2020-02-22,Sat,16300
2020-02-22,Sat,18600
2020-02-22,Sat,21200
2020-02-22,Sat,17000
2020-02-22,Sat,19300
2020-02-22,Sat,17100
2020-02-22,Sat,16300
2020-02-22,Sat,14500
2020-02-22,Sat,16100
2020-02-22,Sat,22000
2020-02-22,Sat,17500
2020-02-22,Sat,21500
2020-02-22,Sat,23100
2020-02-22,Sat,15400
2020-02-22,Sat,15100
2020-02-22,Sat,24100
2020-02-22,Sat,15300
2020-02-23,Sun,35300
2020-02-23,Sun,18000
2020-02-23,Sun,41300
2020-02-23,Sun,26600
2020-02-23,Sun,27200
2020-02-23,Sun,24100
2020-02-23,Sun,17000
2020-02-23,Sun,23500
2020-02-23,Sun,25500
2020-02-23,Sun,20300
2020-02-23,Sun,15300
2020-02-23,Sun,23100
2020-02-23,Sun,18800
2020-02-23,Sun,19800
2020-02-23,Sun,24300
2020-02-23,Sun,32000
2020-02-23,Sun,20300
2020-02-23,Sun,21800
2020-02-23,Sun,18500
2020-02-23,Sun,18000
2020-02-23,Sun,22300
2020-02-23,Sun,24000
2020-02-23,Sun,24400
2020-02-23,Sun,15800
2020-02-23,Sun,15600
2020-02-23,Sun,26600
2020-02-23,Sun,30100
2020-02-23,Sun,17600
2020-02-24,Mon,29900
2020-02-24,Mon,17900
2020-02-24,Mon,29900
2020-02-24,Mon,26900
2020-02-24,Mon,26800
2020-02-24,Mon,22600
2020-02-24,Mon,16100
2020-02-24,Mon,19300
2020-02-26,Wed,15800
2020-02-26,Wed,31600
2020-02-26,Wed,15600
2020-02-26,Wed,18300
2020-02-26,Wed,15300
2020-02-26,Wed,23300
2020-02-26,Wed,22000
2020-02-26,Wed,15000
2020-02-26,Wed,14500
2020-02-26,Wed,17800
2020-02-26,Wed,15300
2020-02-26,Wed,15800
2020-02-26,Wed,20800
2020-02-26,Wed,14500
2020-02-26,Wed,23300
2020-02-26,Wed,17100
2020-02-26,Wed,21200
2020-02-26,Wed,27900
2020-02-27,Thur,23300
2020-02-27,Thur,23800
2020-02-27,Thur,15300
2020-02-27,Thur,23100
2020-02-27,Thur,20900
2020-02-27,Thur,14800
2020-02-27,Thur,19800
2020-02-27,Thur,22000
2020-02-27,Thur,15100
2020-02-27,Thur,19600
2020-02-28,Fri,33800
2020-02-28,Fri,25100
2020-02-28,Fri,23100
2020-02-28,Fri,20100
2020-02-28,Fri,16500
2020-02-28,Fri,14800
2020-02-28,Fri,20300
2020-02-28,Fri,24500
2020-02-28,Fri,51100
2020-02-28,Fri,19600
2020-02-28,Fri,18000
2020-02-28,Fri,16100
2020-02-28,Fri,17800
2020-02-28,Fri,15600
2020-02-28,Fri,20600
2020-02-29,Sat,20600
2020-02-29,Sat,17300
2020-02-29,Sat,16100
2020-02-29,Sat,16300
2020-02-29,Sat,23600
2020-02-29,Sat,19000
2020-02-29,Sat,18500
2020-02-29,Sat,21300
2020-02-29,Sat,21800
2020-02-29,Sat,22800
2020-02-29,Sat,15300
2020-02-29,Sat,18000
2020-02-29,Sat,19300
2020-02-29,Sat,23600
2020-03-01,Sun,34100
2020-03-01,Sun,29800
2020-03-01,Sun,23800
2020-03-01,Sun,21100
2020-03-01,Sun,14000
2020-03-01,Sun,41800
2020-03-01,Sun,14800
2020-03-01,Sun,20800
2020-03-01,Sun,22300
2020-03-01,Sun,33400
2020-03-01,Sun,16300
2020-03-01,Sun,24800
2020-03-01,Sun,20800
2020-03-01,Sun,23500
2020-03-01,Sun,27300
2020-03-01,Sun,14500
2020-03-01,Sun,20300
2020-03-02,Mon,31400
2020-03-02,Mon,14800
2020-03-02,Mon,27800
2020-03-02,Mon,15800
2020-03-02,Mon,18300
2020-03-02,Mon,20000
2020-03-02,Mon,33600
2020-03-02,Mon,20300
2020-03-02,Mon,15300
2020-03-02,Mon,21600
2020-03-02,Mon,19000
2020-03-02,Mon,16300
2020-03-02,Mon,18800
2020-03-05,Thur,14800
2020-03-05,Thur,37100
2020-03-05,Thur,15500
2020-03-05,Thur,20500
2020-03-05,Thur,24300
2020-03-05,Thur,17800
2020-03-05,Thur,14800
2020-03-05,Thur,18000
2020-03-05,Thur,17600
2020-03-05,Thur,25700
2020-03-05,Thur,18500
2020-03-05,Thur,16400
2020-03-05,Thur,16300
2020-03-05,Thur,27800
2020-03-05,Thur,15600
2020-03-05,Thur,14300
2020-03-05,Thur,20800
2020-03-05,Thur,17400
2020-03-05,Thur,17300
2020-03-05,Thur,15100
2020-03-05,Thur,15300
2020-03-05,Thur,20600
2020-03-06,Fri,19800
2020-03-06,Fri,17500
2020-03-06,Fri,16800
2020-03-06,Fri,18500
2020-03-06,Fri,16300
2020-03-06,Fri,22800
2020-03-06,Fri,14800
2020-03-06,Fri,25600
2020-03-06,Fri,18300
2020-03-06,Fri,27000
2020-03-06,Fri,20600
2020-03-06,Fri,21100
2020-03-06,Fri,15800
2020-03-06,Fri,15800
2020-03-06,Fri,16300
2020-03-06,Fri,18800
2020-03-07,Sat,14800
2020-03-07,Sat,20800
2020-03-07,Sat,19300
2020-03-07,Sat,17300
2020-03-07,Sat,17500
2020-03-07,Sat,23000
2020-03-07,Sat,18300
2020-03-07,Sat,14800
2020-03-07,Sat,19500
2020-03-07,Sat,15500
2020-03-07,Sat,19600
2020-03-07,Sat,28100
2020-03-07,Sat,19800
2020-03-07,Sat,14000
2020-03-07,Sat,15600
2020-03-07,Sat,16800
2020-03-08,Sun,14800
2020-03-08,Sun,19000
2020-03-08,Sun,16800
2020-03-08,Sun,29100
2020-03-08,Sun,19600
2020-03-08,Sun,15000
2020-03-08,Sun,32800
2020-03-08,Sun,14300
2020-03-08,Sun,21300
2020-03-08,Sun,20300
2020-03-08,Sun,18000
2020-03-08,Sun,19600
2020-03-08,Sun,18500
2020-03-08,Sun,22300
2020-03-08,Sun,25400
2020-03-08,Sun,16100
2020-03-08,Sun,18300
2020-03-08,Sun,14800
2020-03-09,Mon,21300
2020-03-09,Mon,14800
2020-03-09,Mon,20500
2020-03-09,Mon,16000
2020-03-09,Mon,15600
2020-03-09,Mon,19000
2020-03-09,Mon,18800
2020-03-09,Mon,18000
2020-03-11,Wed,28600
2020-03-11,Wed,24300
2020-03-11,Wed,16000
2020-03-11,Wed,27100
2020-03-11,Wed,26100
2020-03-11,Wed,16100
2020-03-11,Wed,22100
2020-03-11,Wed,25300
2020-03-11,Wed,19000
2020-03-12,Thur,22800
2020-03-12,Thur,34100
2020-03-12,Thur,18000
2020-03-12,Thur,27800
2020-03-12,Thur,17300
2020-03-12,Thur,20800
2020-03-12,Thur,25100
2020-03-12,Thur,47000
2020-03-12,Thur,16100
2020-03-12,Thur,22800
2020-03-13,Fri,23800
2020-03-13,Fri,21600
2020-03-13,Fri,14800
2020-03-13,Fri,14800
2020-03-13,Fri,18800
2020-03-13,Fri,25100
2020-03-13,Fri,15300
2020-03-13,Fri,15300
2020-03-13,Fri,22800
2020-03-13,Fri,15100
2020-03-13,Fri,19600
2020-03-13,Fri,17100
2020-03-14,Sat,15100
2020-03-14,Sat,28300
2020-03-14,Sat,15300
2020-03-14,Sat,18000
2020-03-14,Sat,19000
2020-03-14,Sat,17500
2020-03-14,Sat,14500
2020-03-14,Sat,15800
2020-03-14,Sat,21800
2020-03-14,Sat,15300
2020-03-14,Sat,16100
2020-03-14,Sat,15800
2020-03-15,Sun,19300
2020-03-15,Sun,14300
2020-03-15,Sun,18600
2020-03-15,Sun,20500
2020-03-15,Sun,15600
2020-03-15,Sun,15000
2020-03-15,Sun,14800
2020-03-15,Sun,28000
2020-03-15,Sun,15000
2020-03-15,Sun,25000
2020-03-15,Sun,21800
2020-03-15,Sun,19400
2020-03-15,Sun,16000
2020-03-15,Sun,16400
2020-03-16,Mon,19300
2020-03-16,Mon,22600
2020-03-16,Mon,26800
2020-03-16,Mon,15300
2020-03-16,Mon,26800
2020-03-16,Mon,23100
2020-03-16,Mon,15300
2020-03-16,Mon,20800
2020-03-16,Mon,14800
2020-03-16,Mon,17000
2020-03-16,Mon,34900
2020-03-16,Mon,26800
2020-03-18,Wed,24000
2020-03-18,Wed,20100
2020-03-18,Wed,30500
2020-03-18,Wed,14000
2020-03-18,Wed,15800
2020-03-18,Wed,14500
2020-03-18,Wed,39100
2020-03-18,Wed,42400
2020-03-18,Wed,20600
2020-03-18,Wed,17500
2020-03-18,Wed,25700
2020-03-18,Wed,27900
2020-03-18,Wed,15400
2020-03-18,Wed,16100
2020-03-19,Thur,16300
2020-03-19,Thur,14000
2020-03-19,Thur,28200
2020-03-19,Thur,23100
2020-03-19,Thur,16400
2020-03-19,Thur,22800
2020-03-19,Thur,17600
2020-03-19,Thur,15100
2020-03-19,Thur,20000
2020-03-20,Fri,25800
2020-03-20,Fri,28800
2020-03-20,Fri,16100
2020-03-20,Fri,17000
2020-03-20,Fri,19300
2020-03-20,Fri,14800
2020-03-20,Fri,14000
2020-03-21,Sat,27800
2020-03-21,Sat,16100
2020-03-21,Sat,31600
2020-03-21,Sat,20000
2020-03-21,Sat,27600
2020-03-21,Sat,37700
2020-03-21,Sat,14300
2020-03-21,Sat,20900
2020-03-21,Sat,14800
2020-03-21,Sat,18300
2020-03-21,Sat,19300
2020-03-21,Sat,17500
2020-03-21,Sat,17800
2020-03-21,Sat,33100
2020-03-21,Sat,15800
2020-03-21,Sat,16400
2020-03-21,Sat,19600
2020-03-22,Sun,18500
2020-03-22,Sun,14800
2020-03-22,Sun,15100
2020-03-22,Sun,32900
2020-03-22,Sun,16600
2020-03-22,Sun,31500
2020-03-22,Sun,15100
2020-03-22,Sun,21800
2020-03-22,Sun,20900
2020-03-22,Sun,15600
2020-03-22,Sun,19500
2020-03-22,Sun,16100
2020-03-22,Sun,19300
2020-03-23,Mon,14500
2020-03-23,Mon,14500
2020-03-23,Mon,15500
2020-03-23,Mon,34100
2020-03-23,Mon,15000
2020-03-23,Mon,18600
2020-03-23,Mon,17800
2020-03-23,Mon,24200
2020-03-23,Mon,40700
2020-03-23,Mon,18300
2020-03-25,Wed,19300
2020-03-25,Wed,15800
2020-03-25,Wed,18800
2020-03-25,Wed,18000
2020-03-25,Wed,22300
2020-03-25,Wed,21300
2020-03-25,Wed,14000
2020-03-25,Wed,14500
2020-03-25,Wed,16400
2020-03-25,Wed,35600
2020-03-25,Wed,20300
2020-03-26,Thur,15300
2020-03-26,Thur,16600
2020-03-26,Thur,43200
2020-03-26,Thur,18300
2020-03-26,Thur,24700
2020-03-26,Thur,31100
2020-03-26,Thur,15800
2020-03-26,Thur,26900
2020-03-26,Thur,14800
2020-03-27,Fri,17000
2020-03-27,Fri,14800
2020-03-27,Fri,19500
2020-03-27,Fri,18500
2020-03-27,Fri,24800
2020-03-27,Fri,15300
2020-03-27,Fri,15100
2020-03-27,Fri,28800
2020-03-27,Fri,16100
2020-03-27,Fri,14000
2020-03-27,Fri,14800
2020-03-28,Sat,26300
2020-03-28,Sat,19300
2020-03-28,Sat,14800
2020-03-28,Sat,40300
2020-03-28,Sat,15500
2020-03-28,Sat,22600
2020-03-28,Sat,18000
2020-03-28,Sat,24100
2020-03-28,Sat,16600
2020-03-29,Sun,21800
2020-03-29,Sun,27800
2020-03-29,Sun,15800
2020-03-29,Sun,29800
2020-03-29,Sun,14100
2020-03-29,Sun,26900
2020-03-29,Sun,19300
2020-03-29,Sun,24300
2020-03-29,Sun,29600
2020-03-29,Sun,19600
2020-03-29,Sun,18600
2020-03-29,Sun,15000
2020-03-29,Sun,26300
2020-03-29,Sun,15300
2020-03-29,Sun,16100
2020-03-30,Mon,17300
2020-03-30,Mon,28600
2020-03-30,Mon,19300
2020-03-30,Mon,18800
2020-03-30,Mon,14500
2020-03-30,Mon,32400
2020-03-30,Mon,14800
2020-03-30,Mon,17800
2020-03-30,Mon,19800
2020-03-30,Mon,35300
2020-04-01,Wed,16400
2020-04-01,Wed,29400
2020-04-01,Wed,16100
2020-04-01,Wed,23100
2020-04-01,Wed,18300
2020-04-01,Wed,32100
2020-04-01,Wed,22800
2020-04-01,Wed,28800
2020-04-01,Wed,24300
2020-04-01,Wed,18800
2020-04-02,Thur,16000
2020-04-02,Thur,15800
2020-04-02,Thur,22800
2020-04-02,Thur,15300
2020-04-02,Thur,18600
2020-04-02,Thur,28800
2020-04-02,Thur,18000
2020-04-02,Thur,15800
2020-04-02,Thur,23100
2020-04-02,Thur,20600
2020-04-02,Thur,16100
2020-04-02,Thur,14300
2020-04-02,Thur,26900
2020-04-02,Thur,29500
2020-04-02,Thur,16100
2020-04-03,Fri,24800
2020-04-03,Fri,23600
2020-04-03,Fri,14300
2020-04-03,Fri,19300
2020-04-03,Fri,44500
2020-04-03,Fri,14000
2020-04-04,Sat,18300
2020-04-04,Sat,14800
2020-04-04,Sat,27800
2020-04-04,Sat,21800
2020-04-04,Sat,19600
2020-04-04,Sat,18800
2020-04-04,Sat,15100
2020-04-04,Sat,16800
2020-04-05,Sun,21800
2020-04-05,Sun,19000
2020-04-05,Sun,16300
2020-04-05,Sun,24600
2020-04-05,Sun,17100
2020-04-05,Sun,14800
2020-04-05,Sun,22300
2020-04-05,Sun,26300
2020-04-05,Sun,14100
2020-04-05,Sun,18100
2020-04-05,Sun,15000
2020-04-05,Sun,16400
2020-04-06,Mon,19800
2020-04-06,Mon,18300
2020-04-06,Mon,14500
2020-04-06,Mon,20600
2020-04-06,Mon,27100
2020-04-06,Mon,16400
2020-04-06,Mon,15300
2020-04-08,Wed,17300
2020-04-08,Wed,16300
2020-04-08,Wed,25800
2020-04-08,Wed,28800
2020-04-08,Wed,30300
2020-04-08,Wed,19800
2020-04-08,Wed,17100
2020-04-08,Wed,18000
2020-04-08,Wed,21200
2020-04-08,Wed,22300
2020-04-08,Wed,25000
2020-04-08,Wed,16400
2020-04-08,Wed,14300
2020-04-09,Thur,18800
2020-04-09,Thur,26600
2020-04-09,Thur,15600
2020-04-09,Thur,20300
2020-04-09,Thur,30800
2020-04-09,Thur,14500
2020-04-09,Thur,14100
2020-04-09,Thur,19500
2020-04-09,Thur,14300
2020-04-09,Thur,24100
2020-04-10,Fri,19300
2020-04-10,Fri,20500
2020-04-10,Fri,15300
2020-04-10,Fri,14300
2020-04-10,Fri,14300
2020-04-10,Fri,31600
2020-04-10,Fri,15500
2020-04-10,Fri,18600
2020-04-11,Sat,17300
2020-04-11,Sat,29800
2020-04-11,Sat,21000
2020-04-11,Sat,18300
2020-04-11,Sat,14000
2020-04-11,Sat,19300
2020-04-12,Sun,32200
2020-04-12,Sun,36900
2020-04-12,Sun,24300
2020-04-12,Sun,15300
2020-04-12,Sun,18300
2020-04-12,Sun,18300
2020-04-12,Sun,15000
2020-04-12,Sun,15800
2020-04-12,Sun,14300
2020-04-12,Sun,21600
2020-04-13,Mon,27000
2020-04-13,Mon,26300
2020-04-15,Wed,19800
2020-04-15,Wed,27100
2020-04-15,Wed,14300
2020-04-15,Wed,34000
2020-04-15,Wed,14300
2020-04-15,Wed,17300
2020-04-15,Wed,14800
2020-04-15,Wed,16000
2020-04-15,Wed,29200
2020-04-15,Wed,15600
2020-04-16,Thur,19300
2020-04-16,Thur,18800
2020-04-16,Thur,27600
2020-04-16,Thur,18300
2020-04-16,Thur,18800
2020-04-17,Fri,20100
2020-04-17,Fri,19300
2020-04-17,Fri,15500
2020-04-17,Fri,20600
2020-04-17,Fri,18600
2020-04-17,Fri,19800
2020-04-17,Fri,17000
2020-04-17,Fri,16100
2020-04-18,Sat,19300
2020-04-18,Sat,18600
2020-04-18,Sat,16300
2020-04-18,Sat,20800
2020-04-18,Sat,33900
2020-04-18,Sat,16300
2020-04-18,Sat,15800
2020-04-18,Sat,15000
2020-04-18,Sat,36000
2020-04-18,Sat,30100
2020-04-18,Sat,14500
2020-04-18,Sat,17800
2020-04-18,Sat,14800
2020-04-19,Sun,24100
2020-04-19,Sun,21200
2020-04-19,Sun,14300
2020-04-19,Sun,24600
2020-04-19,Sun,16500
2020-04-19,Sun,16100
2020-04-19,Sun,23900
2020-04-20,Mon,25100
2020-04-20,Mon,20000
2020-04-20,Mon,16500
2020-04-20,Mon,17400
2020-04-20,Mon,16000
2020-04-20,Mon,64000
2020-04-20,Mon,29900
2020-04-22,Wed,20100
2020-04-22,Wed,18600
2020-04-22,Wed,18000
2020-04-22,Wed,28600
2020-04-22,Wed,18300
2020-04-22,Wed,18800
2020-04-22,Wed,20300
2020-04-22,Wed,25100
2020-04-22,Wed,25700
2020-04-22,Wed,16800
2020-04-22,Wed,15100
2020-04-23,Thur,20900
2020-04-23,Thur,28500
2020-04-23,Thur,17500
2020-04-23,Thur,20100
2020-04-23,Thur,17300
2020-04-23,Thur,26000
2020-04-23,Thur,19000
2020-04-23,Thur,15000
2020-04-24,Fri,18800
2020-04-24,Fri,19500
2020-04-24,Fri,30900
2020-04-24,Fri,24800
2020-04-24,Fri,14000
2020-04-24,Fri,16600
2020-04-24,Fri,26000
2020-04-24,Fri,15300
2020-04-25,Sat,18300
2020-04-25,Sat,30800
2020-04-25,Sat,31200
2020-04-25,Sat,20600
2020-04-25,Sat,36600
2020-04-25,Sat,14800
2020-04-25,Sat,19300
2020-04-25,Sat,28600
2020-04-25,Sat,29300
2020-04-25,Sat,19000
2020-04-25,Sat,22800
2020-04-25,Sat,20800
2020-04-25,Sat,15800
2020-04-26,Sun,38900
2020-04-26,Sun,33300
2020-04-26,Sun,28300
2020-04-26,Sun,23300
2020-04-26,Sun,23600
2020-04-26,Sun,16300
2020-04-26,Sun,14800
2020-04-26,Sun,22200
2020-04-26,Sun,15100
2020-04-26,Sun,17600
2020-04-26,Sun,17000
2020-04-26,Sun,27300
2020-04-27,Mon,18300
2020-04-27,Mon,18800
2020-04-27,Mon,19800
2020-04-27,Mon,30800
2020-04-27,Mon,22300
2020-04-27,Mon,15000
2020-04-27,Mon,14800
2020-04-27,Mon,18800
2020-04-27,Mon,14500
2020-04-27,Mon,14000
2020-04-27,Mon,14300
2020-04-27,Mon,18800
2020-04-27,Mon,25800
2020-04-27,Mon,18600
2020-04-29,Wed,21800
2020-04-29,Wed,23500
2020-04-29,Wed,14800
2020-04-29,Wed,15100
2020-04-29,Wed,26800
2020-04-29,Wed,16100
2020-04-30,Thur,31300
2020-04-30,Thur,18300
2020-04-30,Thur,18800
2020-04-30,Thur,14800
2020-04-30,Thur,16800
2020-04-30,Thur,18800
2020-04-30,Thur,15300
2020-05-01,Fri,31600
2020-05-01,Fri,21200
2020-05-01,Fri,15000
2020-05-01,Fri,19800
2020-05-01,Fri,30800
2020-05-01,Fri,18300
2020-05-01,Fri,28400
2020-05-01,Fri,21300
2020-05-01,Fri,14800
2020-05-01,Fri,14500
2020-05-02,Sat,19500
2020-05-02,Sat,19800
2020-05-02,Sat,14300
2020-05-02,Sat,15000
2020-05-02,Sat,24100